quit_year,mean_rr,ci_lower,ci_upper
0,0.16938713139050962,0.16889265972457984,0.16997134056362861
4,0.189074717596018,0.18852163172831293,0.1897371088518036
8,0.20766034449074447,0.20711306490026454,0.2083751419870734
12,0.22177707461988644,0.2210969337136118,0.22262554020696784
16,0.2314795780461912,0.23068752300252526,0.23236407685602123
