group,mean_rr,ci_lower,ci_upper
high_risk,6.5877090811078,6.547857889811755,6.627672649761749
low_risk,5.456288243593726,5.4346611411690855,5.47296454452873
