Metric,Mean,CI_Lower,CI_Upper
Risk (Never Smoke),0.041425885520875456,0.04099350580945611,0.04191944384947419
Risk (Always Smoke),0.12889492258429527,0.12719061002135276,0.13075337894260883
Risk Difference,0.08746903706341982,0.08619766505435109,0.08887356435880064
Risk Ratio,3.111434924063888,3.0986081628648035,3.124486464607508
