covariate,coef,exp(coef),se(coef),coef lower 95%,coef upper 95%,exp(coef) lower 95%,exp(coef) upper 95%,cmp to,z,p,-log2(p)
mp,0.06934529324371179,1.0718062327120752,0.026355118984533528,0.01769020922575823,0.12100037726166535,1.0178476077447043,1.1286253381543383,0.0,2.631188775296632,0.00850867590699978,6.876849642883852
L0,-0.16994097513407977,0.8437146152687304,0.03951422238299524,-0.24738742788185691,-0.09249452238630262,0.7808381164642302,0.9116542046403435,0.0,-4.3007546368219325,1.7021745051762837e-05,15.842261526221973
L1,-0.1206887968184253,0.8863097390895868,0.025867436527858462,-0.1713880407854037,-0.0699895528514469,0.8424945877722916,0.9324035608135769,0.0,-4.665665138037434,3.0762032356820753e-06,18.31041774826605
L2,0.3268411180839315,1.38658115700731,0.012338469980241483,0.30265816129832956,0.35102407486953346,1.3534517231755336,1.4205215243709006,0.0,26.48959867854983,1.2772657611982884e-154,511.2238678742446
C0,0.32701380507556155,1.3868206222116324,0.03210539057399657,0.2640883958409365,0.3899392143101866,1.302243304105264,1.476891017314838,0.0,10.185635472082467,2.2985317719360197e-24,78.52556166905029
C1,-0.04559077046533109,0.9554328735492724,0.029219637262944687,-0.1028602071420272,0.01167866621136502,0.9022530932045066,1.011747128088494,0.0,-1.5602784543512351,0.11869409265449209,3.074679960330001
C2,0.06436767438821625,1.0664844457003944,0.02676994979021923,0.011899536931440982,0.11683581184499152,1.0119706180854995,1.1239348777464029,0.0,2.4044749763308806,0.016195714987262716,5.948244030020197
C3,-0.017899284031697923,0.982259956639247,0.029487644496721453,-0.0756940052341927,0.039895437170796855,0.9270998508620777,1.0407019497627676,0.0,-0.6070096251224147,0.5438445245454657,0.8787338252617322
